{"download":848.700064,"upload":104.833296,"ping":19.48,"lastTime":"19 May 10:58"}