{"download":757.016928,"upload":104.86104,"ping":17.751,"lastTime":"19 May 10:48"}