{"download":613.382448,"upload":90.813504,"ping":16.338,"lastTime":"17 May 20:00"}