{"download":885.439872,"upload":100.130824,"ping":21.922,"lastTime":"16 May 14:20"}